[
  {
    "icon": "LocationArrow",
    "name": "101导航",
    "link": "https://tab.101jc.com"
  },
  {
    "icon": "Book",
    "name": "101知识库",
    "link": "https://lib.101jc.com/"
  },
  {
    "icon": "LaptopCode",
    "name": "101站点监测",
    "link": "https://site.101jc.com"
  },
  {
    "icon": "Blog",
    "name": "博客",
    "link": "https://blog.101jc.com/"
  },
  {
    "icon": "UserCircle",
    "name": "关于我",
    "link": "https://blog.101jc.com/about"
  },
  {
    "icon": "Compass",
    "name": "更新日志",
    "link": "https://log.101jc.com/"
  },
  {
    "icon": "Toolbox",
    "name": "工具箱",
    "link": "https://tool.101jc.com/"
  }
]
